numeroPedido,clienteId,fechaEntrega,estado,zonaEntrega,requiereRefrigeracion
P0001,CLI-999,2026-04-02,CONFIRMADO,ZONA5,false
P0002,CLI-123,2026-04-03,ENTREGADO,ZONA1,false
P0003,CLI-999,2026-04-04,PENDIENTE,ZONA5,false
P0004,CLI-123,2026-04-05,CONFIRMADO,ZONA1,true
P0005,CLI-999,2026-04-06,ENTREGADO,ZONA5,false
P0006,CLI-123,2026-04-07,PENDIENTE,ZONA1,false
P0007,CLI-999,2026-04-08,CONFIRMADO,ZONA5,false
P0008,CLI-123,2026-04-09,ENTREGADO,ZONA1,true
P0009,CLI-999,2026-04-10,PENDIENTE,ZONA5,false
P0010,CLI-123,2026-04-11,CONFIRMADO,ZONA1,false
P0011,CLI-999,2026-04-12,ENTREGADO,ZONA5,false
P0012,CLI-123,2026-04-13,PENDIENTE,ZONA1,true
P0013,CLI-999,2026-04-14,CONFIRMADO,ZONA5,false
P0014,CLI-123,2026-04-15,ENTREGADO,ZONA1,false
P0015,CLI-999,2026-04-16,PENDIENTE,ZONA5,false
P0016,CLI-123,2026-04-17,CONFIRMADO,ZONA1,true
P0017,CLI-999,2026-04-18,ENTREGADO,ZONA5,false
P0018,CLI-123,2026-04-19,PENDIENTE,ZONA1,false
P0019,CLI-999,2026-04-20,CONFIRMADO,ZONA5,false
P0020,CLI-123,2026-04-21,ENTREGADO,ZONA1,true
P0021,CLI-999,2026-04-22,PENDIENTE,ZONA5,false
P0022,CLI-123,2026-04-23,CONFIRMADO,ZONA1,false
P0023,CLI-999,2026-04-24,ENTREGADO,ZONA5,false
P0024,CLI-123,2026-04-25,PENDIENTE,ZONA1,true
P0025,CLI-999,2026-04-26,CONFIRMADO,ZONA5,false
P0026,CLI-123,2026-04-27,ENTREGADO,ZONA1,false
P0027,CLI-999,2026-04-28,PENDIENTE,ZONA5,false
P0028,CLI-123,2026-04-29,CONFIRMADO,ZONA1,true
P0029,CLI-999,2026-04-30,ENTREGADO,ZONA5,false
P0030,CLI-123,2026-04-01,PENDIENTE,ZONA1,false
P0031,CLI-999,2026-04-02,CONFIRMADO,ZONA5,false
P0032,CLI-123,2026-04-03,ENTREGADO,ZONA1,true
P0033,CLI-999,2026-04-04,PENDIENTE,ZONA5,false
P0034,CLI-123,2026-04-05,CONFIRMADO,ZONA1,false
P0035,CLI-999,2026-04-06,ENTREGADO,ZONA5,false
P0036,CLI-123,2026-04-07,PENDIENTE,ZONA1,true
P0037,CLI-999,2026-04-08,CONFIRMADO,ZONA5,false
P0038,CLI-123,2026-04-09,ENTREGADO,ZONA1,false
P0039,CLI-999,2026-04-10,PENDIENTE,ZONA5,false
P0040,CLI-123,2026-04-11,CONFIRMADO,ZONA1,true
P0041,CLI-999,2026-04-12,ENTREGADO,ZONA5,false
P0042,CLI-123,2026-04-13,PENDIENTE,ZONA1,false
P0043,CLI-999,2026-04-14,CONFIRMADO,ZONA5,false
P0044,CLI-123,2026-04-15,ENTREGADO,ZONA1,true
P0045,CLI-999,2026-04-16,PENDIENTE,ZONA5,false
P0046,CLI-123,2026-04-17,CONFIRMADO,ZONA1,false
P0047,CLI-999,2026-04-18,ENTREGADO,ZONA5,false
P0048,CLI-123,2026-04-19,PENDIENTE,ZONA1,true
P0049,CLI-999,2026-04-20,CONFIRMADO,ZONA5,false
P0050,CLI-123,2026-04-21,ENTREGADO,ZONA1,false
P0051,CLI-999,2026-04-22,PENDIENTE,ZONA5,false
P0052,CLI-123,2026-04-23,CONFIRMADO,ZONA1,true
P0053,CLI-999,2026-04-24,ENTREGADO,ZONA5,false
P0054,CLI-123,2026-04-25,PENDIENTE,ZONA1,false
P0055,CLI-999,2026-04-26,CONFIRMADO,ZONA5,false
P0056,CLI-123,2026-04-27,ENTREGADO,ZONA1,true
P0057,CLI-999,2026-04-28,PENDIENTE,ZONA5,false
P0058,CLI-123,2026-04-29,CONFIRMADO,ZONA1,false
P0059,CLI-999,2026-04-30,ENTREGADO,ZONA5,false
P0060,CLI-123,2026-04-01,PENDIENTE,ZONA1,true
P0061,CLI-999,2026-04-02,CONFIRMADO,ZONA5,false
P0062,CLI-123,2026-04-03,ENTREGADO,ZONA1,false
P0063,CLI-999,2026-04-04,PENDIENTE,ZONA5,false
P0064,CLI-123,2026-04-05,CONFIRMADO,ZONA1,true
P0065,CLI-999,2026-04-06,ENTREGADO,ZONA5,false
P0066,CLI-123,2026-04-07,PENDIENTE,ZONA1,false
P0067,CLI-999,2026-04-08,CONFIRMADO,ZONA5,false
P0068,CLI-123,2026-04-09,ENTREGADO,ZONA1,true
P0069,CLI-999,2026-04-10,PENDIENTE,ZONA5,false
P0070,CLI-123,2026-04-11,CONFIRMADO,ZONA1,false
P0071,CLI-999,2026-04-12,ENTREGADO,ZONA5,false
P0072,CLI-123,2026-04-13,PENDIENTE,ZONA1,true
P0073,CLI-999,2026-04-14,CONFIRMADO,ZONA5,false
P0074,CLI-123,2026-04-15,ENTREGADO,ZONA1,false
P0075,CLI-999,2026-04-16,PENDIENTE,ZONA5,false
P0076,CLI-123,2026-04-17,CONFIRMADO,ZONA1,true
P0077,CLI-999,2026-04-18,ENTREGADO,ZONA5,false
P0078,CLI-123,2026-04-19,PENDIENTE,ZONA1,false
P0079,CLI-999,2026-04-20,CONFIRMADO,ZONA5,false
P0080,CLI-123,2026-04-21,ENTREGADO,ZONA1,true
P0081,CLI-999,2026-04-22,PENDIENTE,ZONA5,false
P0082,CLI-123,2026-04-23,CONFIRMADO,ZONA1,false
P0083,CLI-999,2026-04-24,ENTREGADO,ZONA5,false
P0084,CLI-123,2026-04-25,PENDIENTE,ZONA1,true
P0085,CLI-999,2026-04-26,CONFIRMADO,ZONA5,false
P0086,CLI-123,2026-04-27,ENTREGADO,ZONA1,false
P0087,CLI-999,2026-04-28,PENDIENTE,ZONA5,false
P0088,CLI-123,2026-04-29,CONFIRMADO,ZONA1,true
P0089,CLI-999,2026-04-30,ENTREGADO,ZONA5,false
P0090,CLI-123,2026-04-01,PENDIENTE,ZONA1,false
P0091,CLI-999,2026-04-02,CONFIRMADO,ZONA5,false
P0092,CLI-123,2026-04-03,ENTREGADO,ZONA1,true
P0093,CLI-999,2026-04-04,PENDIENTE,ZONA5,false
P0094,CLI-123,2026-04-05,CONFIRMADO,ZONA1,false
P0095,CLI-999,2026-04-06,ENTREGADO,ZONA5,false
P0096,CLI-123,2026-04-07,PENDIENTE,ZONA1,true
P0097,CLI-999,2026-04-08,CONFIRMADO,ZONA5,false
P0098,CLI-123,2026-04-09,ENTREGADO,ZONA1,false
P0099,CLI-999,2026-04-10,PENDIENTE,ZONA5,false
P0100,CLI-123,2026-04-11,CONFIRMADO,ZONA1,true
P0101,CLI-999,2026-04-12,ENTREGADO,ZONA5,false
P0102,CLI-123,2026-04-13,PENDIENTE,ZONA1,false
P0103,CLI-999,2026-04-14,CONFIRMADO,ZONA5,false
P0104,CLI-123,2026-04-15,ENTREGADO,ZONA1,true
P0105,CLI-999,2026-04-16,PENDIENTE,ZONA5,false
P0106,CLI-123,2026-04-17,CONFIRMADO,ZONA1,false
P0107,CLI-999,2026-04-18,ENTREGADO,ZONA5,false
P0108,CLI-123,2026-04-19,PENDIENTE,ZONA1,true
P0109,CLI-999,2026-04-20,CONFIRMADO,ZONA5,false
P0110,CLI-123,2026-04-21,ENTREGADO,ZONA1,false
P0111,CLI-999,2026-04-22,PENDIENTE,ZONA5,false
P0112,CLI-123,2026-04-23,CONFIRMADO,ZONA1,true
P0113,CLI-999,2026-04-24,ENTREGADO,ZONA5,false
P0114,CLI-123,2026-04-25,PENDIENTE,ZONA1,false
P0115,CLI-999,2026-04-26,CONFIRMADO,ZONA5,false
P0116,CLI-123,2026-04-27,ENTREGADO,ZONA1,true
P0117,CLI-999,2026-04-28,PENDIENTE,ZONA5,false
P0118,CLI-123,2026-04-29,CONFIRMADO,ZONA1,false
P0119,CLI-999,2026-04-30,ENTREGADO,ZONA5,false
P0120,CLI-123,2026-04-01,PENDIENTE,ZONA1,true
P0121,CLI-999,2026-04-02,CONFIRMADO,ZONA5,false
P0122,CLI-123,2026-04-03,ENTREGADO,ZONA1,false
P0123,CLI-999,2026-04-04,PENDIENTE,ZONA5,false
P0124,CLI-123,2026-04-05,CONFIRMADO,ZONA1,true
P0125,CLI-999,2026-04-06,ENTREGADO,ZONA5,false
P0126,CLI-123,2026-04-07,PENDIENTE,ZONA1,false
P0127,CLI-999,2026-04-08,CONFIRMADO,ZONA5,false
P0128,CLI-123,2026-04-09,ENTREGADO,ZONA1,true
P0129,CLI-999,2026-04-10,PENDIENTE,ZONA5,false
P0130,CLI-123,2026-04-11,CONFIRMADO,ZONA1,false
P0131,CLI-999,2026-04-12,ENTREGADO,ZONA5,false
P0132,CLI-123,2026-04-13,PENDIENTE,ZONA1,true
P0133,CLI-999,2026-04-14,CONFIRMADO,ZONA5,false
P0134,CLI-123,2026-04-15,ENTREGADO,ZONA1,false
P0135,CLI-999,2026-04-16,PENDIENTE,ZONA5,false
P0136,CLI-123,2026-04-17,CONFIRMADO,ZONA1,true
P0137,CLI-999,2026-04-18,ENTREGADO,ZONA5,false
P0138,CLI-123,2026-04-19,PENDIENTE,ZONA1,false
P0139,CLI-999,2026-04-20,CONFIRMADO,ZONA5,false
P0140,CLI-123,2026-04-21,ENTREGADO,ZONA1,true
P0141,CLI-999,2026-04-22,PENDIENTE,ZONA5,false
P0142,CLI-123,2026-04-23,CONFIRMADO,ZONA1,false
P0143,CLI-999,2026-04-24,ENTREGADO,ZONA5,false
P0144,CLI-123,2026-04-25,PENDIENTE,ZONA1,true
P0145,CLI-999,2026-04-26,CONFIRMADO,ZONA5,false
P0146,CLI-123,2026-04-27,ENTREGADO,ZONA1,false
P0147,CLI-999,2026-04-28,PENDIENTE,ZONA5,false
P0148,CLI-123,2026-04-29,CONFIRMADO,ZONA1,true
P0149,CLI-999,2026-04-30,ENTREGADO,ZONA5,false
P0150,CLI-123,2026-04-01,PENDIENTE,ZONA1,false
P0151,CLI-999,2026-04-02,CONFIRMADO,ZONA5,false
P0152,CLI-123,2026-04-03,ENTREGADO,ZONA1,true
P0153,CLI-999,2026-04-04,PENDIENTE,ZONA5,false
P0154,CLI-123,2026-04-05,CONFIRMADO,ZONA1,false
P0155,CLI-999,2026-04-06,ENTREGADO,ZONA5,false
P0156,CLI-123,2026-04-07,PENDIENTE,ZONA1,true
P0157,CLI-999,2026-04-08,CONFIRMADO,ZONA5,false
P0158,CLI-123,2026-04-09,ENTREGADO,ZONA1,false
P0159,CLI-999,2026-04-10,PENDIENTE,ZONA5,false
P0160,CLI-123,2026-04-11,CONFIRMADO,ZONA1,true
P0161,CLI-999,2026-04-12,ENTREGADO,ZONA5,false
P0162,CLI-123,2026-04-13,PENDIENTE,ZONA1,false
P0163,CLI-999,2026-04-14,CONFIRMADO,ZONA5,false
P0164,CLI-123,2026-04-15,ENTREGADO,ZONA1,true
P0165,CLI-999,2026-04-16,PENDIENTE,ZONA5,false
P0166,CLI-123,2026-04-17,CONFIRMADO,ZONA1,false
P0167,CLI-999,2026-04-18,ENTREGADO,ZONA5,false
P0168,CLI-123,2026-04-19,PENDIENTE,ZONA1,true
P0169,CLI-999,2026-04-20,CONFIRMADO,ZONA5,false
P0170,CLI-123,2026-04-21,ENTREGADO,ZONA1,false
P0171,CLI-999,2026-04-22,PENDIENTE,ZONA5,false
P0172,CLI-123,2026-04-23,CONFIRMADO,ZONA1,true
P0173,CLI-999,2026-04-24,ENTREGADO,ZONA5,false
P0174,CLI-123,2026-04-25,PENDIENTE,ZONA1,false
P0175,CLI-999,2026-04-26,CONFIRMADO,ZONA5,false
P0176,CLI-123,2026-04-27,ENTREGADO,ZONA1,true
P0177,CLI-999,2026-04-28,PENDIENTE,ZONA5,false
P0178,CLI-123,2026-04-29,CONFIRMADO,ZONA1,false
P0179,CLI-999,2026-04-30,ENTREGADO,ZONA5,false
P0180,CLI-123,2026-04-01,PENDIENTE,ZONA1,true
P0181,CLI-999,2026-04-02,CONFIRMADO,ZONA5,false
P0182,CLI-123,2026-04-03,ENTREGADO,ZONA1,false
P0183,CLI-999,2026-04-04,PENDIENTE,ZONA5,false
P0184,CLI-123,2026-04-05,CONFIRMADO,ZONA1,true
P0185,CLI-999,2026-04-06,ENTREGADO,ZONA5,false
P0186,CLI-123,2026-04-07,PENDIENTE,ZONA1,false
P0187,CLI-999,2026-04-08,CONFIRMADO,ZONA5,false
P0188,CLI-123,2026-04-09,ENTREGADO,ZONA1,true
P0189,CLI-999,2026-04-10,PENDIENTE,ZONA5,false
P0190,CLI-123,2026-04-11,CONFIRMADO,ZONA1,false
P0191,CLI-999,2026-04-12,ENTREGADO,ZONA5,false
P0192,CLI-123,2026-04-13,PENDIENTE,ZONA1,true
P0193,CLI-999,2026-04-14,CONFIRMADO,ZONA5,false
P0194,CLI-123,2026-04-15,ENTREGADO,ZONA1,false
P0195,CLI-999,2026-04-16,PENDIENTE,ZONA5,false
P0196,CLI-123,2026-04-17,CONFIRMADO,ZONA1,true
P0197,CLI-999,2026-04-18,ENTREGADO,ZONA5,false
P0198,CLI-123,2026-04-19,PENDIENTE,ZONA1,false
P0199,CLI-999,2026-04-20,CONFIRMADO,ZONA5,false
P0200,CLI-123,2026-04-21,ENTREGADO,ZONA1,true
P0201,CLI-999,2026-04-22,PENDIENTE,ZONA5,false
P0202,CLI-123,2026-04-23,CONFIRMADO,ZONA1,false
P0203,CLI-999,2026-04-24,ENTREGADO,ZONA5,false
P0204,CLI-123,2026-04-25,PENDIENTE,ZONA1,true
P0205,CLI-999,2026-04-26,CONFIRMADO,ZONA5,false
P0206,CLI-123,2026-04-27,ENTREGADO,ZONA1,false
P0207,CLI-999,2026-04-28,PENDIENTE,ZONA5,false
P0208,CLI-123,2026-04-29,CONFIRMADO,ZONA1,true
P0209,CLI-999,2026-04-30,ENTREGADO,ZONA5,false
P0210,CLI-123,2026-04-01,PENDIENTE,ZONA1,false
P0211,CLI-999,2026-04-02,CONFIRMADO,ZONA5,false
P0212,CLI-123,2026-04-03,ENTREGADO,ZONA1,true
P0213,CLI-999,2026-04-04,PENDIENTE,ZONA5,false
P0214,CLI-123,2026-04-05,CONFIRMADO,ZONA1,false
P0215,CLI-999,2026-04-06,ENTREGADO,ZONA5,false
P0216,CLI-123,2026-04-07,PENDIENTE,ZONA1,true
P0217,CLI-999,2026-04-08,CONFIRMADO,ZONA5,false
P0218,CLI-123,2026-04-09,ENTREGADO,ZONA1,false
P0219,CLI-999,2026-04-10,PENDIENTE,ZONA5,false
P0220,CLI-123,2026-04-11,CONFIRMADO,ZONA1,true
P0221,CLI-999,2026-04-12,ENTREGADO,ZONA5,false
P0222,CLI-123,2026-04-13,PENDIENTE,ZONA1,false
P0223,CLI-999,2026-04-14,CONFIRMADO,ZONA5,false
P0224,CLI-123,2026-04-15,ENTREGADO,ZONA1,true
P0225,CLI-999,2026-04-16,PENDIENTE,ZONA5,false
P0226,CLI-123,2026-04-17,CONFIRMADO,ZONA1,false
P0227,CLI-999,2026-04-18,ENTREGADO,ZONA5,false
P0228,CLI-123,2026-04-19,PENDIENTE,ZONA1,true
P0229,CLI-999,2026-04-20,CONFIRMADO,ZONA5,false
P0230,CLI-123,2026-04-21,ENTREGADO,ZONA1,false
P0231,CLI-999,2026-04-22,PENDIENTE,ZONA5,false
P0232,CLI-123,2026-04-23,CONFIRMADO,ZONA1,true
P0233,CLI-999,2026-04-24,ENTREGADO,ZONA5,false
P0234,CLI-123,2026-04-25,PENDIENTE,ZONA1,false
P0235,CLI-999,2026-04-26,CONFIRMADO,ZONA5,false
P0236,CLI-123,2026-04-27,ENTREGADO,ZONA1,true
P0237,CLI-999,2026-04-28,PENDIENTE,ZONA5,false
P0238,CLI-123,2026-04-29,CONFIRMADO,ZONA1,false
P0239,CLI-999,2026-04-30,ENTREGADO,ZONA5,false
P0240,CLI-123,2026-04-01,PENDIENTE,ZONA1,true
P0241,CLI-999,2026-04-02,CONFIRMADO,ZONA5,false
P0242,CLI-123,2026-04-03,ENTREGADO,ZONA1,false
P0243,CLI-999,2026-04-04,PENDIENTE,ZONA5,false
P0244,CLI-123,2026-04-05,CONFIRMADO,ZONA1,true
P0245,CLI-999,2026-04-06,ENTREGADO,ZONA5,false
P0246,CLI-123,2026-04-07,PENDIENTE,ZONA1,false
P0247,CLI-999,2026-04-08,CONFIRMADO,ZONA5,false
P0248,CLI-123,2026-04-09,ENTREGADO,ZONA1,true
P0249,CLI-999,2026-04-10,PENDIENTE,ZONA5,false
P0250,CLI-123,2026-04-11,CONFIRMADO,ZONA1,false
P0251,CLI-999,2026-04-12,ENTREGADO,ZONA5,false
P0252,CLI-123,2026-04-13,PENDIENTE,ZONA1,true
P0253,CLI-999,2026-04-14,CONFIRMADO,ZONA5,false
P0254,CLI-123,2026-04-15,ENTREGADO,ZONA1,false
P0255,CLI-999,2026-04-16,PENDIENTE,ZONA5,false
P0256,CLI-123,2026-04-17,CONFIRMADO,ZONA1,true
P0257,CLI-999,2026-04-18,ENTREGADO,ZONA5,false
P0258,CLI-123,2026-04-19,PENDIENTE,ZONA1,false
P0259,CLI-999,2026-04-20,CONFIRMADO,ZONA5,false
P0260,CLI-123,2026-04-21,ENTREGADO,ZONA1,true
P0261,CLI-999,2026-04-22,PENDIENTE,ZONA5,false
P0262,CLI-123,2026-04-23,CONFIRMADO,ZONA1,false
P0263,CLI-999,2026-04-24,ENTREGADO,ZONA5,false
P0264,CLI-123,2026-04-25,PENDIENTE,ZONA1,true
P0265,CLI-999,2026-04-26,CONFIRMADO,ZONA5,false
P0266,CLI-123,2026-04-27,ENTREGADO,ZONA1,false
P0267,CLI-999,2026-04-28,PENDIENTE,ZONA5,false
P0268,CLI-123,2026-04-29,CONFIRMADO,ZONA1,true
P0269,CLI-999,2026-04-30,ENTREGADO,ZONA5,false
P0270,CLI-123,2026-04-01,PENDIENTE,ZONA1,false
P0271,CLI-999,2026-04-02,CONFIRMADO,ZONA5,false
P0272,CLI-123,2026-04-03,ENTREGADO,ZONA1,true
P0273,CLI-999,2026-04-04,PENDIENTE,ZONA5,false
P0274,CLI-123,2026-04-05,CONFIRMADO,ZONA1,false
P0275,CLI-999,2026-04-06,ENTREGADO,ZONA5,false
P0276,CLI-123,2026-04-07,PENDIENTE,ZONA1,true
P0277,CLI-999,2026-04-08,CONFIRMADO,ZONA5,false
P0278,CLI-123,2026-04-09,ENTREGADO,ZONA1,false
P0279,CLI-999,2026-04-10,PENDIENTE,ZONA5,false
P0280,CLI-123,2026-04-11,CONFIRMADO,ZONA1,true
P0281,CLI-999,2026-04-12,ENTREGADO,ZONA5,false
P0282,CLI-123,2026-04-13,PENDIENTE,ZONA1,false
P0283,CLI-999,2026-04-14,CONFIRMADO,ZONA5,false
P0284,CLI-123,2026-04-15,ENTREGADO,ZONA1,true
P0285,CLI-999,2026-04-16,PENDIENTE,ZONA5,false
P0286,CLI-123,2026-04-17,CONFIRMADO,ZONA1,false
P0287,CLI-999,2026-04-18,ENTREGADO,ZONA5,false
P0288,CLI-123,2026-04-19,PENDIENTE,ZONA1,true
P0289,CLI-999,2026-04-20,CONFIRMADO,ZONA5,false
P0290,CLI-123,2026-04-21,ENTREGADO,ZONA1,false
P0291,CLI-999,2026-04-22,PENDIENTE,ZONA5,false
P0292,CLI-123,2026-04-23,CONFIRMADO,ZONA1,true
P0293,CLI-999,2026-04-24,ENTREGADO,ZONA5,false
P0294,CLI-123,2026-04-25,PENDIENTE,ZONA1,false
P0295,CLI-999,2026-04-26,CONFIRMADO,ZONA5,false
P0296,CLI-123,2026-04-27,ENTREGADO,ZONA1,true
P0297,CLI-999,2026-04-28,PENDIENTE,ZONA5,false
P0298,CLI-123,2026-04-29,CONFIRMADO,ZONA1,false
P0299,CLI-999,2026-04-30,ENTREGADO,ZONA5,false
P0300,CLI-123,2026-04-01,PENDIENTE,ZONA1,true
P0301,CLI-999,2026-04-02,CONFIRMADO,ZONA5,false
P0302,CLI-123,2026-04-03,ENTREGADO,ZONA1,false
P0303,CLI-999,2026-04-04,PENDIENTE,ZONA5,false
P0304,CLI-123,2026-04-05,CONFIRMADO,ZONA1,true
P0305,CLI-999,2026-04-06,ENTREGADO,ZONA5,false
P0306,CLI-123,2026-04-07,PENDIENTE,ZONA1,false
P0307,CLI-999,2026-04-08,CONFIRMADO,ZONA5,false
P0308,CLI-123,2026-04-09,ENTREGADO,ZONA1,true
P0309,CLI-999,2026-04-10,PENDIENTE,ZONA5,false
P0310,CLI-123,2026-04-11,CONFIRMADO,ZONA1,false
P0311,CLI-999,2026-04-12,ENTREGADO,ZONA5,false
P0312,CLI-123,2026-04-13,PENDIENTE,ZONA1,true
P0313,CLI-999,2026-04-14,CONFIRMADO,ZONA5,false
P0314,CLI-123,2026-04-15,ENTREGADO,ZONA1,false
P0315,CLI-999,2026-04-16,PENDIENTE,ZONA5,false
P0316,CLI-123,2026-04-17,CONFIRMADO,ZONA1,true
P0317,CLI-999,2026-04-18,ENTREGADO,ZONA5,false
P0318,CLI-123,2026-04-19,PENDIENTE,ZONA1,false
P0319,CLI-999,2026-04-20,CONFIRMADO,ZONA5,false
P0320,CLI-123,2026-04-21,ENTREGADO,ZONA1,true
P0321,CLI-999,2026-04-22,PENDIENTE,ZONA5,false
P0322,CLI-123,2026-04-23,CONFIRMADO,ZONA1,false
P0323,CLI-999,2026-04-24,ENTREGADO,ZONA5,false
P0324,CLI-123,2026-04-25,PENDIENTE,ZONA1,true
P0325,CLI-999,2026-04-26,CONFIRMADO,ZONA5,false
P0326,CLI-123,2026-04-27,ENTREGADO,ZONA1,false
P0327,CLI-999,2026-04-28,PENDIENTE,ZONA5,false
P0328,CLI-123,2026-04-29,CONFIRMADO,ZONA1,true
P0329,CLI-999,2026-04-30,ENTREGADO,ZONA5,false
P0330,CLI-123,2026-04-01,PENDIENTE,ZONA1,false
P0331,CLI-999,2026-04-02,CONFIRMADO,ZONA5,false
P0332,CLI-123,2026-04-03,ENTREGADO,ZONA1,true
P0333,CLI-999,2026-04-04,PENDIENTE,ZONA5,false
P0334,CLI-123,2026-04-05,CONFIRMADO,ZONA1,false
P0335,CLI-999,2026-04-06,ENTREGADO,ZONA5,false
P0336,CLI-123,2026-04-07,PENDIENTE,ZONA1,true
P0337,CLI-999,2026-04-08,CONFIRMADO,ZONA5,false
P0338,CLI-123,2026-04-09,ENTREGADO,ZONA1,false
P0339,CLI-999,2026-04-10,PENDIENTE,ZONA5,false
P0340,CLI-123,2026-04-11,CONFIRMADO,ZONA1,true
P0341,CLI-999,2026-04-12,ENTREGADO,ZONA5,false
P0342,CLI-123,2026-04-13,PENDIENTE,ZONA1,false
P0343,CLI-999,2026-04-14,CONFIRMADO,ZONA5,false
P0344,CLI-123,2026-04-15,ENTREGADO,ZONA1,true
P0345,CLI-999,2026-04-16,PENDIENTE,ZONA5,false
P0346,CLI-123,2026-04-17,CONFIRMADO,ZONA1,false
P0347,CLI-999,2026-04-18,ENTREGADO,ZONA5,false
P0348,CLI-123,2026-04-19,PENDIENTE,ZONA1,true
P0349,CLI-999,2026-04-20,CONFIRMADO,ZONA5,false
P0350,CLI-123,2026-04-21,ENTREGADO,ZONA1,false
P0351,CLI-999,2026-04-22,PENDIENTE,ZONA5,false
P0352,CLI-123,2026-04-23,CONFIRMADO,ZONA1,true
P0353,CLI-999,2026-04-24,ENTREGADO,ZONA5,false
P0354,CLI-123,2026-04-25,PENDIENTE,ZONA1,false
P0355,CLI-999,2026-04-26,CONFIRMADO,ZONA5,false
P0356,CLI-123,2026-04-27,ENTREGADO,ZONA1,true
P0357,CLI-999,2026-04-28,PENDIENTE,ZONA5,false
P0358,CLI-123,2026-04-29,CONFIRMADO,ZONA1,false
P0359,CLI-999,2026-04-30,ENTREGADO,ZONA5,false
P0360,CLI-123,2026-04-01,PENDIENTE,ZONA1,true
P0361,CLI-999,2026-04-02,CONFIRMADO,ZONA5,false
P0362,CLI-123,2026-04-03,ENTREGADO,ZONA1,false
P0363,CLI-999,2026-04-04,PENDIENTE,ZONA5,false
P0364,CLI-123,2026-04-05,CONFIRMADO,ZONA1,true
P0365,CLI-999,2026-04-06,ENTREGADO,ZONA5,false
P0366,CLI-123,2026-04-07,PENDIENTE,ZONA1,false
P0367,CLI-999,2026-04-08,CONFIRMADO,ZONA5,false
P0368,CLI-123,2026-04-09,ENTREGADO,ZONA1,true
P0369,CLI-999,2026-04-10,PENDIENTE,ZONA5,false
P0370,CLI-123,2026-04-11,CONFIRMADO,ZONA1,false
P0371,CLI-999,2026-04-12,ENTREGADO,ZONA5,false
P0372,CLI-123,2026-04-13,PENDIENTE,ZONA1,true
P0373,CLI-999,2026-04-14,CONFIRMADO,ZONA5,false
P0374,CLI-123,2026-04-15,ENTREGADO,ZONA1,false
P0375,CLI-999,2026-04-16,PENDIENTE,ZONA5,false
P0376,CLI-123,2026-04-17,CONFIRMADO,ZONA1,true
P0377,CLI-999,2026-04-18,ENTREGADO,ZONA5,false
P0378,CLI-123,2026-04-19,PENDIENTE,ZONA1,false
P0379,CLI-999,2026-04-20,CONFIRMADO,ZONA5,false
P0380,CLI-123,2026-04-21,ENTREGADO,ZONA1,true
P0381,CLI-999,2026-04-22,PENDIENTE,ZONA5,false
P0382,CLI-123,2026-04-23,CONFIRMADO,ZONA1,false
P0383,CLI-999,2026-04-24,ENTREGADO,ZONA5,false
P0384,CLI-123,2026-04-25,PENDIENTE,ZONA1,true
P0385,CLI-999,2026-04-26,CONFIRMADO,ZONA5,false
P0386,CLI-123,2026-04-27,ENTREGADO,ZONA1,false
P0387,CLI-999,2026-04-28,PENDIENTE,ZONA5,false
P0388,CLI-123,2026-04-29,CONFIRMADO,ZONA1,true
P0389,CLI-999,2026-04-30,ENTREGADO,ZONA5,false
P0390,CLI-123,2026-04-01,PENDIENTE,ZONA1,false
P0391,CLI-999,2026-04-02,CONFIRMADO,ZONA5,false
P0392,CLI-123,2026-04-03,ENTREGADO,ZONA1,true
P0393,CLI-999,2026-04-04,PENDIENTE,ZONA5,false
P0394,CLI-123,2026-04-05,CONFIRMADO,ZONA1,false
P0395,CLI-999,2026-04-06,ENTREGADO,ZONA5,false
P0396,CLI-123,2026-04-07,PENDIENTE,ZONA1,true
P0397,CLI-999,2026-04-08,CONFIRMADO,ZONA5,false
P0398,CLI-123,2026-04-09,ENTREGADO,ZONA1,false
P0399,CLI-999,2026-04-10,PENDIENTE,ZONA5,false
P0400,CLI-123,2026-04-11,CONFIRMADO,ZONA1,true
P0401,CLI-999,2026-04-12,ENTREGADO,ZONA5,false
P0402,CLI-123,2026-04-13,PENDIENTE,ZONA1,false
P0403,CLI-999,2026-04-14,CONFIRMADO,ZONA5,false
P0404,CLI-123,2026-04-15,ENTREGADO,ZONA1,true
P0405,CLI-999,2026-04-16,PENDIENTE,ZONA5,false
P0406,CLI-123,2026-04-17,CONFIRMADO,ZONA1,false
P0407,CLI-999,2026-04-18,ENTREGADO,ZONA5,false
P0408,CLI-123,2026-04-19,PENDIENTE,ZONA1,true
P0409,CLI-999,2026-04-20,CONFIRMADO,ZONA5,false
P0410,CLI-123,2026-04-21,ENTREGADO,ZONA1,false
P0411,CLI-999,2026-04-22,PENDIENTE,ZONA5,false
P0412,CLI-123,2026-04-23,CONFIRMADO,ZONA1,true
P0413,CLI-999,2026-04-24,ENTREGADO,ZONA5,false
P0414,CLI-123,2026-04-25,PENDIENTE,ZONA1,false
P0415,CLI-999,2026-04-26,CONFIRMADO,ZONA5,false
P0416,CLI-123,2026-04-27,ENTREGADO,ZONA1,true
P0417,CLI-999,2026-04-28,PENDIENTE,ZONA5,false
P0418,CLI-123,2026-04-29,CONFIRMADO,ZONA1,false
P0419,CLI-999,2026-04-30,ENTREGADO,ZONA5,false
P0420,CLI-123,2026-04-01,PENDIENTE,ZONA1,true
P0421,CLI-999,2026-04-02,CONFIRMADO,ZONA5,false
P0422,CLI-123,2026-04-03,ENTREGADO,ZONA1,false
P0423,CLI-999,2026-04-04,PENDIENTE,ZONA5,false
P0424,CLI-123,2026-04-05,CONFIRMADO,ZONA1,true
P0425,CLI-999,2026-04-06,ENTREGADO,ZONA5,false
P0426,CLI-123,2026-04-07,PENDIENTE,ZONA1,false
P0427,CLI-999,2026-04-08,CONFIRMADO,ZONA5,false
P0428,CLI-123,2026-04-09,ENTREGADO,ZONA1,true
P0429,CLI-999,2026-04-10,PENDIENTE,ZONA5,false
P0430,CLI-123,2026-04-11,CONFIRMADO,ZONA1,false
P0431,CLI-999,2026-04-12,ENTREGADO,ZONA5,false
P0432,CLI-123,2026-04-13,PENDIENTE,ZONA1,true
P0433,CLI-999,2026-04-14,CONFIRMADO,ZONA5,false
P0434,CLI-123,2026-04-15,ENTREGADO,ZONA1,false
P0435,CLI-999,2026-04-16,PENDIENTE,ZONA5,false
P0436,CLI-123,2026-04-17,CONFIRMADO,ZONA1,true
P0437,CLI-999,2026-04-18,ENTREGADO,ZONA5,false
P0438,CLI-123,2026-04-19,PENDIENTE,ZONA1,false
P0439,CLI-999,2026-04-20,CONFIRMADO,ZONA5,false
P0440,CLI-123,2026-04-21,ENTREGADO,ZONA1,true
P0441,CLI-999,2026-04-22,PENDIENTE,ZONA5,false
P0442,CLI-123,2026-04-23,CONFIRMADO,ZONA1,false
P0443,CLI-999,2026-04-24,ENTREGADO,ZONA5,false
P0444,CLI-123,2026-04-25,PENDIENTE,ZONA1,true
P0445,CLI-999,2026-04-26,CONFIRMADO,ZONA5,false
P0446,CLI-123,2026-04-27,ENTREGADO,ZONA1,false
P0447,CLI-999,2026-04-28,PENDIENTE,ZONA5,false
P0448,CLI-123,2026-04-29,CONFIRMADO,ZONA1,true
P0449,CLI-999,2026-04-30,ENTREGADO,ZONA5,false
P0450,CLI-123,2026-04-01,PENDIENTE,ZONA1,false
P0451,CLI-999,2026-04-02,CONFIRMADO,ZONA5,false
P0452,CLI-123,2026-04-03,ENTREGADO,ZONA1,true
P0453,CLI-999,2026-04-04,PENDIENTE,ZONA5,false
P0454,CLI-123,2026-04-05,CONFIRMADO,ZONA1,false
P0455,CLI-999,2026-04-06,ENTREGADO,ZONA5,false
P0456,CLI-123,2026-04-07,PENDIENTE,ZONA1,true
P0457,CLI-999,2026-04-08,CONFIRMADO,ZONA5,false
P0458,CLI-123,2026-04-09,ENTREGADO,ZONA1,false
P0459,CLI-999,2026-04-10,PENDIENTE,ZONA5,false
P0460,CLI-123,2026-04-11,CONFIRMADO,ZONA1,true
P0461,CLI-999,2026-04-12,ENTREGADO,ZONA5,false
P0462,CLI-123,2026-04-13,PENDIENTE,ZONA1,false
P0463,CLI-999,2026-04-14,CONFIRMADO,ZONA5,false
P0464,CLI-123,2026-04-15,ENTREGADO,ZONA1,true
P0465,CLI-999,2026-04-16,PENDIENTE,ZONA5,false
P0466,CLI-123,2026-04-17,CONFIRMADO,ZONA1,false
P0467,CLI-999,2026-04-18,ENTREGADO,ZONA5,false
P0468,CLI-123,2026-04-19,PENDIENTE,ZONA1,true
P0469,CLI-999,2026-04-20,CONFIRMADO,ZONA5,false
P0470,CLI-123,2026-04-21,ENTREGADO,ZONA1,false
P0471,CLI-999,2026-04-22,PENDIENTE,ZONA5,false
P0472,CLI-123,2026-04-23,CONFIRMADO,ZONA1,true
P0473,CLI-999,2026-04-24,ENTREGADO,ZONA5,false
P0474,CLI-123,2026-04-25,PENDIENTE,ZONA1,false
P0475,CLI-999,2026-04-26,CONFIRMADO,ZONA5,false
P0476,CLI-123,2026-04-27,ENTREGADO,ZONA1,true
P0477,CLI-999,2026-04-28,PENDIENTE,ZONA5,false
P0478,CLI-123,2026-04-29,CONFIRMADO,ZONA1,false
P0479,CLI-999,2026-04-30,ENTREGADO,ZONA5,false
P0480,CLI-123,2026-04-01,PENDIENTE,ZONA1,true
P0481,CLI-999,2026-04-02,CONFIRMADO,ZONA5,false
P0482,CLI-123,2026-04-03,ENTREGADO,ZONA1,false
P0483,CLI-999,2026-04-04,PENDIENTE,ZONA5,false
P0484,CLI-123,2026-04-05,CONFIRMADO,ZONA1,true
P0485,CLI-999,2026-04-06,ENTREGADO,ZONA5,false
P0486,CLI-123,2026-04-07,PENDIENTE,ZONA1,false
P0487,CLI-999,2026-04-08,CONFIRMADO,ZONA5,false
P0488,CLI-123,2026-04-09,ENTREGADO,ZONA1,true
P0489,CLI-999,2026-04-10,PENDIENTE,ZONA5,false
P0490,CLI-123,2026-04-11,CONFIRMADO,ZONA1,false
P0491,CLI-999,2026-04-12,ENTREGADO,ZONA5,false
P0492,CLI-123,2026-04-13,PENDIENTE,ZONA1,true
P0493,CLI-999,2026-04-14,CONFIRMADO,ZONA5,false
P0494,CLI-123,2026-04-15,ENTREGADO,ZONA1,false
P0495,CLI-999,2026-04-16,PENDIENTE,ZONA5,false
P0496,CLI-123,2026-04-17,CONFIRMADO,ZONA1,true
P0497,CLI-999,2026-04-18,ENTREGADO,ZONA5,false
P0498,CLI-123,2026-04-19,PENDIENTE,ZONA1,false
P0499,CLI-999,2026-04-20,CONFIRMADO,ZONA5,false
P0500,CLI-123,2026-04-21,ENTREGADO,ZONA1,true
P0501,CLI-999,2026-04-22,PENDIENTE,ZONA5,false
P0502,CLI-123,2026-04-23,CONFIRMADO,ZONA1,false
P0503,CLI-999,2026-04-24,ENTREGADO,ZONA5,false
P0504,CLI-123,2026-04-25,PENDIENTE,ZONA1,true
P0505,CLI-999,2026-04-26,CONFIRMADO,ZONA5,false
P0506,CLI-123,2026-04-27,ENTREGADO,ZONA1,false
P0507,CLI-999,2026-04-28,PENDIENTE,ZONA5,false
P0508,CLI-123,2026-04-29,CONFIRMADO,ZONA1,true
P0509,CLI-999,2026-04-30,ENTREGADO,ZONA5,false
P0510,CLI-123,2026-04-01,PENDIENTE,ZONA1,false
P0511,CLI-999,2026-04-02,CONFIRMADO,ZONA5,false
P0512,CLI-123,2026-04-03,ENTREGADO,ZONA1,true
P0513,CLI-999,2026-04-04,PENDIENTE,ZONA5,false
P0514,CLI-123,2026-04-05,CONFIRMADO,ZONA1,false
P0515,CLI-999,2026-04-06,ENTREGADO,ZONA5,false
P0516,CLI-123,2026-04-07,PENDIENTE,ZONA1,true
P0517,CLI-999,2026-04-08,CONFIRMADO,ZONA5,false
P0518,CLI-123,2026-04-09,ENTREGADO,ZONA1,false
P0519,CLI-999,2026-04-10,PENDIENTE,ZONA5,false
P0520,CLI-123,2026-04-11,CONFIRMADO,ZONA1,true
P0521,CLI-999,2026-04-12,ENTREGADO,ZONA5,false
P0522,CLI-123,2026-04-13,PENDIENTE,ZONA1,false
P0523,CLI-999,2026-04-14,CONFIRMADO,ZONA5,false
P0524,CLI-123,2026-04-15,ENTREGADO,ZONA1,true
P0525,CLI-999,2026-04-16,PENDIENTE,ZONA5,false
P0526,CLI-123,2026-04-17,CONFIRMADO,ZONA1,false
P0527,CLI-999,2026-04-18,ENTREGADO,ZONA5,false
P0528,CLI-123,2026-04-19,PENDIENTE,ZONA1,true
P0529,CLI-999,2026-04-20,CONFIRMADO,ZONA5,false
P0530,CLI-123,2026-04-21,ENTREGADO,ZONA1,false
P0531,CLI-999,2026-04-22,PENDIENTE,ZONA5,false
P0532,CLI-123,2026-04-23,CONFIRMADO,ZONA1,true
P0533,CLI-999,2026-04-24,ENTREGADO,ZONA5,false
P0534,CLI-123,2026-04-25,PENDIENTE,ZONA1,false
P0535,CLI-999,2026-04-26,CONFIRMADO,ZONA5,false
P0536,CLI-123,2026-04-27,ENTREGADO,ZONA1,true
P0537,CLI-999,2026-04-28,PENDIENTE,ZONA5,false
P0538,CLI-123,2026-04-29,CONFIRMADO,ZONA1,false
P0539,CLI-999,2026-04-30,ENTREGADO,ZONA5,false
P0540,CLI-123,2026-04-01,PENDIENTE,ZONA1,true
P0541,CLI-999,2026-04-02,CONFIRMADO,ZONA5,false
P0542,CLI-123,2026-04-03,ENTREGADO,ZONA1,false
P0543,CLI-999,2026-04-04,PENDIENTE,ZONA5,false
P0544,CLI-123,2026-04-05,CONFIRMADO,ZONA1,true
P0545,CLI-999,2026-04-06,ENTREGADO,ZONA5,false
P0546,CLI-123,2026-04-07,PENDIENTE,ZONA1,false
P0547,CLI-999,2026-04-08,CONFIRMADO,ZONA5,false
P0548,CLI-123,2026-04-09,ENTREGADO,ZONA1,true
P0549,CLI-999,2026-04-10,PENDIENTE,ZONA5,false
P0550,CLI-123,2026-04-11,CONFIRMADO,ZONA1,false
P0551,CLI-999,2026-04-12,ENTREGADO,ZONA5,false
P0552,CLI-123,2026-04-13,PENDIENTE,ZONA1,true
P0553,CLI-999,2026-04-14,CONFIRMADO,ZONA5,false
P0554,CLI-123,2026-04-15,ENTREGADO,ZONA1,false
P0555,CLI-999,2026-04-16,PENDIENTE,ZONA5,false
P0556,CLI-123,2026-04-17,CONFIRMADO,ZONA1,true
P0557,CLI-999,2026-04-18,ENTREGADO,ZONA5,false
P0558,CLI-123,2026-04-19,PENDIENTE,ZONA1,false
P0559,CLI-999,2026-04-20,CONFIRMADO,ZONA5,false
P0560,CLI-123,2026-04-21,ENTREGADO,ZONA1,true
P0561,CLI-999,2026-04-22,PENDIENTE,ZONA5,false
P0562,CLI-123,2026-04-23,CONFIRMADO,ZONA1,false
P0563,CLI-999,2026-04-24,ENTREGADO,ZONA5,false
P0564,CLI-123,2026-04-25,PENDIENTE,ZONA1,true
P0565,CLI-999,2026-04-26,CONFIRMADO,ZONA5,false
P0566,CLI-123,2026-04-27,ENTREGADO,ZONA1,false
P0567,CLI-999,2026-04-28,PENDIENTE,ZONA5,false
P0568,CLI-123,2026-04-29,CONFIRMADO,ZONA1,true
P0569,CLI-999,2026-04-30,ENTREGADO,ZONA5,false
P0570,CLI-123,2026-04-01,PENDIENTE,ZONA1,false
P0571,CLI-999,2026-04-02,CONFIRMADO,ZONA5,false
P0572,CLI-123,2026-04-03,ENTREGADO,ZONA1,true
P0573,CLI-999,2026-04-04,PENDIENTE,ZONA5,false
P0574,CLI-123,2026-04-05,CONFIRMADO,ZONA1,false
P0575,CLI-999,2026-04-06,ENTREGADO,ZONA5,false
P0576,CLI-123,2026-04-07,PENDIENTE,ZONA1,true
P0577,CLI-999,2026-04-08,CONFIRMADO,ZONA5,false
P0578,CLI-123,2026-04-09,ENTREGADO,ZONA1,false
P0579,CLI-999,2026-04-10,PENDIENTE,ZONA5,false
P0580,CLI-123,2026-04-11,CONFIRMADO,ZONA1,true
P0581,CLI-999,2026-04-12,ENTREGADO,ZONA5,false
P0582,CLI-123,2026-04-13,PENDIENTE,ZONA1,false
P0583,CLI-999,2026-04-14,CONFIRMADO,ZONA5,false
P0584,CLI-123,2026-04-15,ENTREGADO,ZONA1,true
P0585,CLI-999,2026-04-16,PENDIENTE,ZONA5,false
P0586,CLI-123,2026-04-17,CONFIRMADO,ZONA1,false
P0587,CLI-999,2026-04-18,ENTREGADO,ZONA5,false
P0588,CLI-123,2026-04-19,PENDIENTE,ZONA1,true
P0589,CLI-999,2026-04-20,CONFIRMADO,ZONA5,false
P0590,CLI-123,2026-04-21,ENTREGADO,ZONA1,false
P0591,CLI-999,2026-04-22,PENDIENTE,ZONA5,false
P0592,CLI-123,2026-04-23,CONFIRMADO,ZONA1,true
P0593,CLI-999,2026-04-24,ENTREGADO,ZONA5,false
P0594,CLI-123,2026-04-25,PENDIENTE,ZONA1,false
P0595,CLI-999,2026-04-26,CONFIRMADO,ZONA5,false
P0596,CLI-123,2026-04-27,ENTREGADO,ZONA1,true
P0597,CLI-999,2026-04-28,PENDIENTE,ZONA5,false
P0598,CLI-123,2026-04-29,CONFIRMADO,ZONA1,false
P0599,CLI-999,2026-04-30,ENTREGADO,ZONA5,false
P0600,CLI-123,2026-04-01,PENDIENTE,ZONA1,true
P0601,CLI-999,2026-04-02,CONFIRMADO,ZONA5,false
P0602,CLI-123,2026-04-03,ENTREGADO,ZONA1,false
P0603,CLI-999,2026-04-04,PENDIENTE,ZONA5,false
P0604,CLI-123,2026-04-05,CONFIRMADO,ZONA1,true
P0605,CLI-999,2026-04-06,ENTREGADO,ZONA5,false
P0606,CLI-123,2026-04-07,PENDIENTE,ZONA1,false
P0607,CLI-999,2026-04-08,CONFIRMADO,ZONA5,false
P0608,CLI-123,2026-04-09,ENTREGADO,ZONA1,true
P0609,CLI-999,2026-04-10,PENDIENTE,ZONA5,false
P0610,CLI-123,2026-04-11,CONFIRMADO,ZONA1,false
P0611,CLI-999,2026-04-12,ENTREGADO,ZONA5,false
P0612,CLI-123,2026-04-13,PENDIENTE,ZONA1,true
P0613,CLI-999,2026-04-14,CONFIRMADO,ZONA5,false
P0614,CLI-123,2026-04-15,ENTREGADO,ZONA1,false
P0615,CLI-999,2026-04-16,PENDIENTE,ZONA5,false
P0616,CLI-123,2026-04-17,CONFIRMADO,ZONA1,true
P0617,CLI-999,2026-04-18,ENTREGADO,ZONA5,false
P0618,CLI-123,2026-04-19,PENDIENTE,ZONA1,false
P0619,CLI-999,2026-04-20,CONFIRMADO,ZONA5,false
P0620,CLI-123,2026-04-21,ENTREGADO,ZONA1,true
P0621,CLI-999,2026-04-22,PENDIENTE,ZONA5,false
P0622,CLI-123,2026-04-23,CONFIRMADO,ZONA1,false
P0623,CLI-999,2026-04-24,ENTREGADO,ZONA5,false
P0624,CLI-123,2026-04-25,PENDIENTE,ZONA1,true
P0625,CLI-999,2026-04-26,CONFIRMADO,ZONA5,false
P0626,CLI-123,2026-04-27,ENTREGADO,ZONA1,false
P0627,CLI-999,2026-04-28,PENDIENTE,ZONA5,false
P0628,CLI-123,2026-04-29,CONFIRMADO,ZONA1,true
P0629,CLI-999,2026-04-30,ENTREGADO,ZONA5,false
P0630,CLI-123,2026-04-01,PENDIENTE,ZONA1,false
P0631,CLI-999,2026-04-02,CONFIRMADO,ZONA5,false
P0632,CLI-123,2026-04-03,ENTREGADO,ZONA1,true
P0633,CLI-999,2026-04-04,PENDIENTE,ZONA5,false
P0634,CLI-123,2026-04-05,CONFIRMADO,ZONA1,false
P0635,CLI-999,2026-04-06,ENTREGADO,ZONA5,false
P0636,CLI-123,2026-04-07,PENDIENTE,ZONA1,true
P0637,CLI-999,2026-04-08,CONFIRMADO,ZONA5,false
P0638,CLI-123,2026-04-09,ENTREGADO,ZONA1,false
P0639,CLI-999,2026-04-10,PENDIENTE,ZONA5,false
P0640,CLI-123,2026-04-11,CONFIRMADO,ZONA1,true
P0641,CLI-999,2026-04-12,ENTREGADO,ZONA5,false
P0642,CLI-123,2026-04-13,PENDIENTE,ZONA1,false
P0643,CLI-999,2026-04-14,CONFIRMADO,ZONA5,false
P0644,CLI-123,2026-04-15,ENTREGADO,ZONA1,true
P0645,CLI-999,2026-04-16,PENDIENTE,ZONA5,false
P0646,CLI-123,2026-04-17,CONFIRMADO,ZONA1,false
P0647,CLI-999,2026-04-18,ENTREGADO,ZONA5,false
P0648,CLI-123,2026-04-19,PENDIENTE,ZONA1,true
P0649,CLI-999,2026-04-20,CONFIRMADO,ZONA5,false
P0650,CLI-123,2026-04-21,ENTREGADO,ZONA1,false
P0651,CLI-999,2026-04-22,PENDIENTE,ZONA5,false
P0652,CLI-123,2026-04-23,CONFIRMADO,ZONA1,true
P0653,CLI-999,2026-04-24,ENTREGADO,ZONA5,false
P0654,CLI-123,2026-04-25,PENDIENTE,ZONA1,false
P0655,CLI-999,2026-04-26,CONFIRMADO,ZONA5,false
P0656,CLI-123,2026-04-27,ENTREGADO,ZONA1,true
P0657,CLI-999,2026-04-28,PENDIENTE,ZONA5,false
P0658,CLI-123,2026-04-29,CONFIRMADO,ZONA1,false
P0659,CLI-999,2026-04-30,ENTREGADO,ZONA5,false
P0660,CLI-123,2026-04-01,PENDIENTE,ZONA1,true
P0661,CLI-999,2026-04-02,CONFIRMADO,ZONA5,false
P0662,CLI-123,2026-04-03,ENTREGADO,ZONA1,false
P0663,CLI-999,2026-04-04,PENDIENTE,ZONA5,false
P0664,CLI-123,2026-04-05,CONFIRMADO,ZONA1,true
P0665,CLI-999,2026-04-06,ENTREGADO,ZONA5,false
P0666,CLI-123,2026-04-07,PENDIENTE,ZONA1,false
P0667,CLI-999,2026-04-08,CONFIRMADO,ZONA5,false
P0668,CLI-123,2026-04-09,ENTREGADO,ZONA1,true
P0669,CLI-999,2026-04-10,PENDIENTE,ZONA5,false
P0670,CLI-123,2026-04-11,CONFIRMADO,ZONA1,false
P0671,CLI-999,2026-04-12,ENTREGADO,ZONA5,false
P0672,CLI-123,2026-04-13,PENDIENTE,ZONA1,true
P0673,CLI-999,2026-04-14,CONFIRMADO,ZONA5,false
P0674,CLI-123,2026-04-15,ENTREGADO,ZONA1,false
P0675,CLI-999,2026-04-16,PENDIENTE,ZONA5,false
P0676,CLI-123,2026-04-17,CONFIRMADO,ZONA1,true
P0677,CLI-999,2026-04-18,ENTREGADO,ZONA5,false
P0678,CLI-123,2026-04-19,PENDIENTE,ZONA1,false
P0679,CLI-999,2026-04-20,CONFIRMADO,ZONA5,false
P0680,CLI-123,2026-04-21,ENTREGADO,ZONA1,true
P0681,CLI-999,2026-04-22,PENDIENTE,ZONA5,false
P0682,CLI-123,2026-04-23,CONFIRMADO,ZONA1,false
P0683,CLI-999,2026-04-24,ENTREGADO,ZONA5,false
P0684,CLI-123,2026-04-25,PENDIENTE,ZONA1,true
P0685,CLI-999,2026-04-26,CONFIRMADO,ZONA5,false
P0686,CLI-123,2026-04-27,ENTREGADO,ZONA1,false
P0687,CLI-999,2026-04-28,PENDIENTE,ZONA5,false
P0688,CLI-123,2026-04-29,CONFIRMADO,ZONA1,true
P0689,CLI-999,2026-04-30,ENTREGADO,ZONA5,false
P0690,CLI-123,2026-04-01,PENDIENTE,ZONA1,false
P0691,CLI-999,2026-04-02,CONFIRMADO,ZONA5,false
P0692,CLI-123,2026-04-03,ENTREGADO,ZONA1,true
P0693,CLI-999,2026-04-04,PENDIENTE,ZONA5,false
P0694,CLI-123,2026-04-05,CONFIRMADO,ZONA1,false
P0695,CLI-999,2026-04-06,ENTREGADO,ZONA5,false
P0696,CLI-123,2026-04-07,PENDIENTE,ZONA1,true
P0697,CLI-999,2026-04-08,CONFIRMADO,ZONA5,false
P0698,CLI-123,2026-04-09,ENTREGADO,ZONA1,false
P0699,CLI-999,2026-04-10,PENDIENTE,ZONA5,false
P0700,CLI-123,2026-04-11,CONFIRMADO,ZONA1,true
P0701,CLI-999,2026-04-12,ENTREGADO,ZONA5,false
P0702,CLI-123,2026-04-13,PENDIENTE,ZONA1,false
P0703,CLI-999,2026-04-14,CONFIRMADO,ZONA5,false
P0704,CLI-123,2026-04-15,ENTREGADO,ZONA1,true
P0705,CLI-999,2026-04-16,PENDIENTE,ZONA5,false
P0706,CLI-123,2026-04-17,CONFIRMADO,ZONA1,false
P0707,CLI-999,2026-04-18,ENTREGADO,ZONA5,false
P0708,CLI-123,2026-04-19,PENDIENTE,ZONA1,true
P0709,CLI-999,2026-04-20,CONFIRMADO,ZONA5,false
P0710,CLI-123,2026-04-21,ENTREGADO,ZONA1,false
P0711,CLI-999,2026-04-22,PENDIENTE,ZONA5,false
P0712,CLI-123,2026-04-23,CONFIRMADO,ZONA1,true
P0713,CLI-999,2026-04-24,ENTREGADO,ZONA5,false
P0714,CLI-123,2026-04-25,PENDIENTE,ZONA1,false
P0715,CLI-999,2026-04-26,CONFIRMADO,ZONA5,false
P0716,CLI-123,2026-04-27,ENTREGADO,ZONA1,true
P0717,CLI-999,2026-04-28,PENDIENTE,ZONA5,false
P0718,CLI-123,2026-04-29,CONFIRMADO,ZONA1,false
P0719,CLI-999,2026-04-30,ENTREGADO,ZONA5,false
P0720,CLI-123,2026-04-01,PENDIENTE,ZONA1,true
P0721,CLI-999,2026-04-02,CONFIRMADO,ZONA5,false
P0722,CLI-123,2026-04-03,ENTREGADO,ZONA1,false
P0723,CLI-999,2026-04-04,PENDIENTE,ZONA5,false
P0724,CLI-123,2026-04-05,CONFIRMADO,ZONA1,true
P0725,CLI-999,2026-04-06,ENTREGADO,ZONA5,false
P0726,CLI-123,2026-04-07,PENDIENTE,ZONA1,false
P0727,CLI-999,2026-04-08,CONFIRMADO,ZONA5,false
P0728,CLI-123,2026-04-09,ENTREGADO,ZONA1,true
P0729,CLI-999,2026-04-10,PENDIENTE,ZONA5,false
P0730,CLI-123,2026-04-11,CONFIRMADO,ZONA1,false
P0731,CLI-999,2026-04-12,ENTREGADO,ZONA5,false
P0732,CLI-123,2026-04-13,PENDIENTE,ZONA1,true
P0733,CLI-999,2026-04-14,CONFIRMADO,ZONA5,false
P0734,CLI-123,2026-04-15,ENTREGADO,ZONA1,false
P0735,CLI-999,2026-04-16,PENDIENTE,ZONA5,false
P0736,CLI-123,2026-04-17,CONFIRMADO,ZONA1,true
P0737,CLI-999,2026-04-18,ENTREGADO,ZONA5,false
P0738,CLI-123,2026-04-19,PENDIENTE,ZONA1,false
P0739,CLI-999,2026-04-20,CONFIRMADO,ZONA5,false
P0740,CLI-123,2026-04-21,ENTREGADO,ZONA1,true
P0741,CLI-999,2026-04-22,PENDIENTE,ZONA5,false
P0742,CLI-123,2026-04-23,CONFIRMADO,ZONA1,false
P0743,CLI-999,2026-04-24,ENTREGADO,ZONA5,false
P0744,CLI-123,2026-04-25,PENDIENTE,ZONA1,true
P0745,CLI-999,2026-04-26,CONFIRMADO,ZONA5,false
P0746,CLI-123,2026-04-27,ENTREGADO,ZONA1,false
P0747,CLI-999,2026-04-28,PENDIENTE,ZONA5,false
P0748,CLI-123,2026-04-29,CONFIRMADO,ZONA1,true
P0749,CLI-999,2026-04-30,ENTREGADO,ZONA5,false
P0750,CLI-123,2026-04-01,PENDIENTE,ZONA1,false
P0751,CLI-999,2026-04-02,CONFIRMADO,ZONA5,false
P0752,CLI-123,2026-04-03,ENTREGADO,ZONA1,true
P0753,CLI-999,2026-04-04,PENDIENTE,ZONA5,false
P0754,CLI-123,2026-04-05,CONFIRMADO,ZONA1,false
P0755,CLI-999,2026-04-06,ENTREGADO,ZONA5,false
P0756,CLI-123,2026-04-07,PENDIENTE,ZONA1,true
P0757,CLI-999,2026-04-08,CONFIRMADO,ZONA5,false
P0758,CLI-123,2026-04-09,ENTREGADO,ZONA1,false
P0759,CLI-999,2026-04-10,PENDIENTE,ZONA5,false
P0760,CLI-123,2026-04-11,CONFIRMADO,ZONA1,true
P0761,CLI-999,2026-04-12,ENTREGADO,ZONA5,false
P0762,CLI-123,2026-04-13,PENDIENTE,ZONA1,false
P0763,CLI-999,2026-04-14,CONFIRMADO,ZONA5,false
P0764,CLI-123,2026-04-15,ENTREGADO,ZONA1,true
P0765,CLI-999,2026-04-16,PENDIENTE,ZONA5,false
P0766,CLI-123,2026-04-17,CONFIRMADO,ZONA1,false
P0767,CLI-999,2026-04-18,ENTREGADO,ZONA5,false
P0768,CLI-123,2026-04-19,PENDIENTE,ZONA1,true
P0769,CLI-999,2026-04-20,CONFIRMADO,ZONA5,false
P0770,CLI-123,2026-04-21,ENTREGADO,ZONA1,false
P0771,CLI-999,2026-04-22,PENDIENTE,ZONA5,false
P0772,CLI-123,2026-04-23,CONFIRMADO,ZONA1,true
P0773,CLI-999,2026-04-24,ENTREGADO,ZONA5,false
P0774,CLI-123,2026-04-25,PENDIENTE,ZONA1,false
P0775,CLI-999,2026-04-26,CONFIRMADO,ZONA5,false
P0776,CLI-123,2026-04-27,ENTREGADO,ZONA1,true
P0777,CLI-999,2026-04-28,PENDIENTE,ZONA5,false
P0778,CLI-123,2026-04-29,CONFIRMADO,ZONA1,false
P0779,CLI-999,2026-04-30,ENTREGADO,ZONA5,false
P0780,CLI-123,2026-04-01,PENDIENTE,ZONA1,true
P0781,CLI-999,2026-04-02,CONFIRMADO,ZONA5,false
P0782,CLI-123,2026-04-03,ENTREGADO,ZONA1,false
P0783,CLI-999,2026-04-04,PENDIENTE,ZONA5,false
P0784,CLI-123,2026-04-05,CONFIRMADO,ZONA1,true
P0785,CLI-999,2026-04-06,ENTREGADO,ZONA5,false
P0786,CLI-123,2026-04-07,PENDIENTE,ZONA1,false
P0787,CLI-999,2026-04-08,CONFIRMADO,ZONA5,false
P0788,CLI-123,2026-04-09,ENTREGADO,ZONA1,true
P0789,CLI-999,2026-04-10,PENDIENTE,ZONA5,false
P0790,CLI-123,2026-04-11,CONFIRMADO,ZONA1,false
P0791,CLI-999,2026-04-12,ENTREGADO,ZONA5,false
P0792,CLI-123,2026-04-13,PENDIENTE,ZONA1,true
P0793,CLI-999,2026-04-14,CONFIRMADO,ZONA5,false
P0794,CLI-123,2026-04-15,ENTREGADO,ZONA1,false
P0795,CLI-999,2026-04-16,PENDIENTE,ZONA5,false
P0796,CLI-123,2026-04-17,CONFIRMADO,ZONA1,true
P0797,CLI-999,2026-04-18,ENTREGADO,ZONA5,false
P0798,CLI-123,2026-04-19,PENDIENTE,ZONA1,false
P0799,CLI-999,2026-04-20,CONFIRMADO,ZONA5,false
P0800,CLI-123,2026-04-21,ENTREGADO,ZONA1,true
P0801,CLI-999,2026-04-22,PENDIENTE,ZONA5,false
P0802,CLI-123,2026-04-23,CONFIRMADO,ZONA1,false
P0803,CLI-999,2026-04-24,ENTREGADO,ZONA5,false
P0804,CLI-123,2026-04-25,PENDIENTE,ZONA1,true
P0805,CLI-999,2026-04-26,CONFIRMADO,ZONA5,false
P0806,CLI-123,2026-04-27,ENTREGADO,ZONA1,false
P0807,CLI-999,2026-04-28,PENDIENTE,ZONA5,false
P0808,CLI-123,2026-04-29,CONFIRMADO,ZONA1,true
P0809,CLI-999,2026-04-30,ENTREGADO,ZONA5,false
P0810,CLI-123,2026-04-01,PENDIENTE,ZONA1,false
P0811,CLI-999,2026-04-02,CONFIRMADO,ZONA5,false
P0812,CLI-123,2026-04-03,ENTREGADO,ZONA1,true
P0813,CLI-999,2026-04-04,PENDIENTE,ZONA5,false
P0814,CLI-123,2026-04-05,CONFIRMADO,ZONA1,false
P0815,CLI-999,2026-04-06,ENTREGADO,ZONA5,false
P0816,CLI-123,2026-04-07,PENDIENTE,ZONA1,true
P0817,CLI-999,2026-04-08,CONFIRMADO,ZONA5,false
P0818,CLI-123,2026-04-09,ENTREGADO,ZONA1,false
P0819,CLI-999,2026-04-10,PENDIENTE,ZONA5,false
P0820,CLI-123,2026-04-11,CONFIRMADO,ZONA1,true
P0821,CLI-999,2026-04-12,ENTREGADO,ZONA5,false
P0822,CLI-123,2026-04-13,PENDIENTE,ZONA1,false
P0823,CLI-999,2026-04-14,CONFIRMADO,ZONA5,false
P0824,CLI-123,2026-04-15,ENTREGADO,ZONA1,true
P0825,CLI-999,2026-04-16,PENDIENTE,ZONA5,false
P0826,CLI-123,2026-04-17,CONFIRMADO,ZONA1,false
P0827,CLI-999,2026-04-18,ENTREGADO,ZONA5,false
P0828,CLI-123,2026-04-19,PENDIENTE,ZONA1,true
P0829,CLI-999,2026-04-20,CONFIRMADO,ZONA5,false
P0830,CLI-123,2026-04-21,ENTREGADO,ZONA1,false
P0831,CLI-999,2026-04-22,PENDIENTE,ZONA5,false
P0832,CLI-123,2026-04-23,CONFIRMADO,ZONA1,true
P0833,CLI-999,2026-04-24,ENTREGADO,ZONA5,false
P0834,CLI-123,2026-04-25,PENDIENTE,ZONA1,false
P0835,CLI-999,2026-04-26,CONFIRMADO,ZONA5,false
P0836,CLI-123,2026-04-27,ENTREGADO,ZONA1,true
P0837,CLI-999,2026-04-28,PENDIENTE,ZONA5,false
P0838,CLI-123,2026-04-29,CONFIRMADO,ZONA1,false
P0839,CLI-999,2026-04-30,ENTREGADO,ZONA5,false
P0840,CLI-123,2026-04-01,PENDIENTE,ZONA1,true
P0841,CLI-999,2026-04-02,CONFIRMADO,ZONA5,false
P0842,CLI-123,2026-04-03,ENTREGADO,ZONA1,false
P0843,CLI-999,2026-04-04,PENDIENTE,ZONA5,false
P0844,CLI-123,2026-04-05,CONFIRMADO,ZONA1,true
P0845,CLI-999,2026-04-06,ENTREGADO,ZONA5,false
P0846,CLI-123,2026-04-07,PENDIENTE,ZONA1,false
P0847,CLI-999,2026-04-08,CONFIRMADO,ZONA5,false
P0848,CLI-123,2026-04-09,ENTREGADO,ZONA1,true
P0849,CLI-999,2026-04-10,PENDIENTE,ZONA5,false
P0850,CLI-123,2026-04-11,CONFIRMADO,ZONA1,false
P0851,CLI-999,2026-04-12,ENTREGADO,ZONA5,false
P0852,CLI-123,2026-04-13,PENDIENTE,ZONA1,true
P0853,CLI-999,2026-04-14,CONFIRMADO,ZONA5,false
P0854,CLI-123,2026-04-15,ENTREGADO,ZONA1,false
P0855,CLI-999,2026-04-16,PENDIENTE,ZONA5,false
P0856,CLI-123,2026-04-17,CONFIRMADO,ZONA1,true
P0857,CLI-999,2026-04-18,ENTREGADO,ZONA5,false
P0858,CLI-123,2026-04-19,PENDIENTE,ZONA1,false
P0859,CLI-999,2026-04-20,CONFIRMADO,ZONA5,false
P0860,CLI-123,2026-04-21,ENTREGADO,ZONA1,true
P0861,CLI-999,2026-04-22,PENDIENTE,ZONA5,false
P0862,CLI-123,2026-04-23,CONFIRMADO,ZONA1,false
P0863,CLI-999,2026-04-24,ENTREGADO,ZONA5,false
P0864,CLI-123,2026-04-25,PENDIENTE,ZONA1,true
P0865,CLI-999,2026-04-26,CONFIRMADO,ZONA5,false
P0866,CLI-123,2026-04-27,ENTREGADO,ZONA1,false
P0867,CLI-999,2026-04-28,PENDIENTE,ZONA5,false
P0868,CLI-123,2026-04-29,CONFIRMADO,ZONA1,true
P0869,CLI-999,2026-04-30,ENTREGADO,ZONA5,false
P0870,CLI-123,2026-04-01,PENDIENTE,ZONA1,false
P0871,CLI-999,2026-04-02,CONFIRMADO,ZONA5,false
P0872,CLI-123,2026-04-03,ENTREGADO,ZONA1,true
P0873,CLI-999,2026-04-04,PENDIENTE,ZONA5,false
P0874,CLI-123,2026-04-05,CONFIRMADO,ZONA1,false
P0875,CLI-999,2026-04-06,ENTREGADO,ZONA5,false
P0876,CLI-123,2026-04-07,PENDIENTE,ZONA1,true
P0877,CLI-999,2026-04-08,CONFIRMADO,ZONA5,false
P0878,CLI-123,2026-04-09,ENTREGADO,ZONA1,false
P0879,CLI-999,2026-04-10,PENDIENTE,ZONA5,false
P0880,CLI-123,2026-04-11,CONFIRMADO,ZONA1,true
P0881,CLI-999,2026-04-12,ENTREGADO,ZONA5,false
P0882,CLI-123,2026-04-13,PENDIENTE,ZONA1,false
P0883,CLI-999,2026-04-14,CONFIRMADO,ZONA5,false
P0884,CLI-123,2026-04-15,ENTREGADO,ZONA1,true
P0885,CLI-999,2026-04-16,PENDIENTE,ZONA5,false
P0886,CLI-123,2026-04-17,CONFIRMADO,ZONA1,false
P0887,CLI-999,2026-04-18,ENTREGADO,ZONA5,false
P0888,CLI-123,2026-04-19,PENDIENTE,ZONA1,true
P0889,CLI-999,2026-04-20,CONFIRMADO,ZONA5,false
P0890,CLI-123,2026-04-21,ENTREGADO,ZONA1,false
P0891,CLI-999,2026-04-22,PENDIENTE,ZONA5,false
P0892,CLI-123,2026-04-23,CONFIRMADO,ZONA1,true
P0893,CLI-999,2026-04-24,ENTREGADO,ZONA5,false
P0894,CLI-123,2026-04-25,PENDIENTE,ZONA1,false
P0895,CLI-999,2026-04-26,CONFIRMADO,ZONA5,false
P0896,CLI-123,2026-04-27,ENTREGADO,ZONA1,true
P0897,CLI-999,2026-04-28,PENDIENTE,ZONA5,false
P0898,CLI-123,2026-04-29,CONFIRMADO,ZONA1,false
P0899,CLI-999,2026-04-30,ENTREGADO,ZONA5,false
P0900,CLI-123,2026-04-01,PENDIENTE,ZONA1,true
P0901,CLI-999,2026-04-02,CONFIRMADO,ZONA5,false
P0902,CLI-123,2026-04-03,ENTREGADO,ZONA1,false
P0903,CLI-999,2026-04-04,PENDIENTE,ZONA5,false
P0904,CLI-123,2026-04-05,CONFIRMADO,ZONA1,true
P0905,CLI-999,2026-04-06,ENTREGADO,ZONA5,false
P0906,CLI-123,2026-04-07,PENDIENTE,ZONA1,false
P0907,CLI-999,2026-04-08,CONFIRMADO,ZONA5,false
P0908,CLI-123,2026-04-09,ENTREGADO,ZONA1,true
P0909,CLI-999,2026-04-10,PENDIENTE,ZONA5,false
P0910,CLI-123,2026-04-11,CONFIRMADO,ZONA1,false
P0911,CLI-999,2026-04-12,ENTREGADO,ZONA5,false
P0912,CLI-123,2026-04-13,PENDIENTE,ZONA1,true
P0913,CLI-999,2026-04-14,CONFIRMADO,ZONA5,false
P0914,CLI-123,2026-04-15,ENTREGADO,ZONA1,false
P0915,CLI-999,2026-04-16,PENDIENTE,ZONA5,false
P0916,CLI-123,2026-04-17,CONFIRMADO,ZONA1,true
P0917,CLI-999,2026-04-18,ENTREGADO,ZONA5,false
P0918,CLI-123,2026-04-19,PENDIENTE,ZONA1,false
P0919,CLI-999,2026-04-20,CONFIRMADO,ZONA5,false
P0920,CLI-123,2026-04-21,ENTREGADO,ZONA1,true
P0921,CLI-999,2026-04-22,PENDIENTE,ZONA5,false
P0922,CLI-123,2026-04-23,CONFIRMADO,ZONA1,false
P0923,CLI-999,2026-04-24,ENTREGADO,ZONA5,false
P0924,CLI-123,2026-04-25,PENDIENTE,ZONA1,true
P0925,CLI-999,2026-04-26,CONFIRMADO,ZONA5,false
P0926,CLI-123,2026-04-27,ENTREGADO,ZONA1,false
P0927,CLI-999,2026-04-28,PENDIENTE,ZONA5,false
P0928,CLI-123,2026-04-29,CONFIRMADO,ZONA1,true
P0929,CLI-999,2026-04-30,ENTREGADO,ZONA5,false
P0930,CLI-123,2026-04-01,PENDIENTE,ZONA1,false
P0931,CLI-999,2026-04-02,CONFIRMADO,ZONA5,false
P0932,CLI-123,2026-04-03,ENTREGADO,ZONA1,true
P0933,CLI-999,2026-04-04,PENDIENTE,ZONA5,false
P0934,CLI-123,2026-04-05,CONFIRMADO,ZONA1,false
P0935,CLI-999,2026-04-06,ENTREGADO,ZONA5,false
P0936,CLI-123,2026-04-07,PENDIENTE,ZONA1,true
P0937,CLI-999,2026-04-08,CONFIRMADO,ZONA5,false
P0938,CLI-123,2026-04-09,ENTREGADO,ZONA1,false
P0939,CLI-999,2026-04-10,PENDIENTE,ZONA5,false
P0940,CLI-123,2026-04-11,CONFIRMADO,ZONA1,true
P0941,CLI-999,2026-04-12,ENTREGADO,ZONA5,false
P0942,CLI-123,2026-04-13,PENDIENTE,ZONA1,false
P0943,CLI-999,2026-04-14,CONFIRMADO,ZONA5,false
P0944,CLI-123,2026-04-15,ENTREGADO,ZONA1,true
P0945,CLI-999,2026-04-16,PENDIENTE,ZONA5,false
P0946,CLI-123,2026-04-17,CONFIRMADO,ZONA1,false
P0947,CLI-999,2026-04-18,ENTREGADO,ZONA5,false
P0948,CLI-123,2026-04-19,PENDIENTE,ZONA1,true
P0949,CLI-999,2026-04-20,CONFIRMADO,ZONA5,false
P0950,CLI-123,2026-04-21,ENTREGADO,ZONA1,false
P0951,CLI-999,2026-04-22,PENDIENTE,ZONA5,false
P0952,CLI-123,2026-04-23,CONFIRMADO,ZONA1,true
P0953,CLI-999,2026-04-24,ENTREGADO,ZONA5,false
P0954,CLI-123,2026-04-25,PENDIENTE,ZONA1,false
P0955,CLI-999,2026-04-26,CONFIRMADO,ZONA5,false
P0956,CLI-123,2026-04-27,ENTREGADO,ZONA1,true
P0957,CLI-999,2026-04-28,PENDIENTE,ZONA5,false
P0958,CLI-123,2026-04-29,CONFIRMADO,ZONA1,false
P0959,CLI-999,2026-04-30,ENTREGADO,ZONA5,false
P0960,CLI-123,2026-04-01,PENDIENTE,ZONA1,true
P0961,CLI-999,2026-04-02,CONFIRMADO,ZONA5,false
P0962,CLI-123,2026-04-03,ENTREGADO,ZONA1,false
P0963,CLI-999,2026-04-04,PENDIENTE,ZONA5,false
P0964,CLI-123,2026-04-05,CONFIRMADO,ZONA1,true
P0965,CLI-999,2026-04-06,ENTREGADO,ZONA5,false
P0966,CLI-123,2026-04-07,PENDIENTE,ZONA1,false
P0967,CLI-999,2026-04-08,CONFIRMADO,ZONA5,false
P0968,CLI-123,2026-04-09,ENTREGADO,ZONA1,true
P0969,CLI-999,2026-04-10,PENDIENTE,ZONA5,false
P0970,CLI-123,2026-04-11,CONFIRMADO,ZONA1,false
P0971,CLI-999,2026-04-12,ENTREGADO,ZONA5,false
P0972,CLI-123,2026-04-13,PENDIENTE,ZONA1,true
P0973,CLI-999,2026-04-14,CONFIRMADO,ZONA5,false
P0974,CLI-123,2026-04-15,ENTREGADO,ZONA1,false
P0975,CLI-999,2026-04-16,PENDIENTE,ZONA5,false
P0976,CLI-123,2026-04-17,CONFIRMADO,ZONA1,true
P0977,CLI-999,2026-04-18,ENTREGADO,ZONA5,false
P0978,CLI-123,2026-04-19,PENDIENTE,ZONA1,false
P0979,CLI-999,2026-04-20,CONFIRMADO,ZONA5,false
P0980,CLI-123,2026-04-21,ENTREGADO,ZONA1,true
P0981,CLI-999,2026-04-22,PENDIENTE,ZONA5,false
P0982,CLI-123,2026-04-23,CONFIRMADO,ZONA1,false
P0983,CLI-999,2026-04-24,ENTREGADO,ZONA5,false
P0984,CLI-123,2026-04-25,PENDIENTE,ZONA1,true
P0985,CLI-999,2026-04-26,CONFIRMADO,ZONA5,false
P0986,CLI-123,2026-04-27,ENTREGADO,ZONA1,false
P0987,CLI-999,2026-04-28,PENDIENTE,ZONA5,false
P0988,CLI-123,2026-04-29,CONFIRMADO,ZONA1,true
P0989,CLI-999,2026-04-30,ENTREGADO,ZONA5,false
P0990,CLI-123,2026-04-01,PENDIENTE,ZONA1,false
P0991,CLI-999,2026-04-02,CONFIRMADO,ZONA5,false
P0992,CLI-123,2026-04-03,ENTREGADO,ZONA1,true
P0993,CLI-999,2026-04-04,PENDIENTE,ZONA5,false
P0994,CLI-123,2026-04-05,CONFIRMADO,ZONA1,false
P0995,CLI-999,2026-04-06,ENTREGADO,ZONA5,false
P0996,CLI-123,2026-04-07,PENDIENTE,ZONA1,true
P0997,CLI-999,2026-04-08,CONFIRMADO,ZONA5,false
P0998,CLI-123,2026-04-09,ENTREGADO,ZONA1,false
P0999,CLI-999,2026-04-10,PENDIENTE,ZONA5,false
P1000,CLI-123,2026-04-11,CONFIRMADO,ZONA1,true
